{
    "train": {
        "binary_accuracy": 0.49915459752082825,
        "loss": 0.0270078144967556,
        "mean_io_u": 0.02199336513876915
    },
    "eval": {
        "binary_accuracy": 0.5020291805267334,
        "loss": 0.15024350583553314,
        "mean_io_u": 0.00872119516134262
    },
    "step": 50,
    "test_loss": 0.1519482582807541,
    "test_acc": 0.5020270943641663
}
